,DFS_Count,DFS_Time,BFS_Count,BFS_Time
5,5,0.00446629524230957,3,0.004061698913574219
10,4,0.010042667388916016,5,0.013096332550048828
15,11,0.06932330131530762,8,0.07100367546081543
20,22,0.37768030166625977,17,0.2648310661315918
